Ссылка,Название,Количество участников
Instaboss,,
https://t.me/+klO9xGpEw504Y2Uy,,
https://t.me/+taqAA30KGd5lNTZi,,
https://t.me/+qozG9xYe8N4yMDFi,,
https://t.me/+ZJg6yRSKa1Y5Nzcy,,
Instadium,,
https://t.me/+mV3ZNm5oxlIyZDJi,,
Инсталогия,,
https://t.me/+QpUTa_9Y27ozMWQy,,
https://t.me/+YIG1m3urIB4xZGEy,,
Похуй на охваты,,
Тренинг чат Ромы Жилина,,
Клуб Насти Пикси,,
https://t.me/+YIG1m3urIB4xZGEy,,
ФЗ,,
https://t.me/joinchat/E_AE5LBwBp5mMTIy,,
https://t.me/+1h3h2vhp89BiMWQy,,
Чаты с вакансиями:,,
https://t.me/+xxPv8gKoffwxNzNi,,
https://t.me/mari_vakansii,,
https://t.me/+xxPv8gKoffwxNzNi,,
https://t.me/frilanc,,
https://t.me/mari_vakansii,,
https://t.me/schools_online/30790,,
https://t.me/worknomer1,,
https://t.me/+R_KxUQG5hYo5ZjAy,,
https://t.me/joinchat/E_AE5LBwBp5mMTIy,,
https://t.me/allinfobiz,,
https://t.me/+mHSeZGSCr6QyNDdi,,
https://t.me/kriptobox777,BUNG VERIF_ВЕРИФИКАЦИЯ_РАБОТА_БЫРЖИ_КОШЕЛЬКИ_ПОКУПКА_ПРОДАЖА💵💴💶💷 Binance nft КРИПТА ОНЛАЙН РАБОТА КУПИТЬ ПРОДАТЬ Бот,2170
https://t.me/trudogolikii,Трудоголик в СПБ &#33; Работа и подработка в Санкт-Петербурге.,2315
https://t.me/rabota_qaz,Казахстан работа онлайн,2477
https://t.me/udalenka365,Удалённая работа,2805
https://t.me/rabota_chatt,Работа чат,2943
https://t.me/live_good_2023,Работа онлайн,3543
https://t.me/avito67online,Заработок в интернете🎄Работа онлайн,5123
https://t.me/rabotawwinternete,Работа в интернете | Work on the Internet,5271
https://t.me/avitoried,Удаленая работа | Чат,5644
https://t.me/reklama_357,Работа онлайн,5878
https://t.me/knopka_works,Работа в сети | Услуги,6246
https://t.me/promoutery_moskva,Работа для студентов,7503
https://t.me/work_online_today,РАБОТА ОНЛАЙН | ЧАТ,8969
https://t.me/zarabotai_v_internete_legko,Заработай в интернете легко,10252
https://t.me/vakansii_seti,ОНЛАЙН РАБОТА,11374
https://t.me/udalenka2323,InSKY | удалённая работа,12956
https://t.me/birzhakanalov1,РАБОТА ОНЛАЙН | БИРЖА РАБОТЫ,13572
https://t.me/instartgo,Работа на удалёнке 💸 с обучением,14133
https://t.me/it_chat_cz,"IT Чехия | Опыт, работа, новости",17127
https://t.me/galinaproekt,Работа онлайн,17766
https://t.me/gpt_web3_hackathon,AIxWEB3 Хакатон и Работа в Латокен (удаленно),19512
https://t.me/dgsk_udrk,РАБОТА|ПОДРАБОТКА |УДАЛЁНКА|ГРОДНО,20842
https://t.me/digitalnomadserbia,Работа в Сербии | Цифровые кочевники,21813
https://t.me/chat_online_jobs,РАБОТА ОНЛАЙН | ЧАТ,22239
https://t.me/job_ua,Работа для всех,23605
https://t.me/brendmotion,РАБОТА В ПРОДАКШН/КРЕАТИВЩИКИ/УДАЛЕНКА,26818
https://t.me/onlinerabota07,Работа ОНЛАЙН — ЧАТ,29165
https://t.me/chatavitotematika,АВИТО ЧАТ | РАБОТА УДАЛЕННО,30325
https://t.me/annkuks,,
Ключ,Ссылка,Название
Вакансии,https://t.me/samozanyatosti,Самозанятый / Вакансии / Работа / Чат
Инфобизнес,https://t.me/webacadem_chat,"ЭЛЯ l Инфобизнес💬Бесплатные курсы, обучение, практики"
Биржа,https://t.me/world_360,БИРЖА ТРУДА | чат - вакансии резюме удалённая работа и IT
Фриланс,https://t.me/rueventjob4at,Я творю на фрилансе
Фриланс,https://t.me/freelance_work,Фриланс. Удаленная работа. Freelance
Фриланс,https://t.me/freelance_vacancii,Вакансии фриланс | Удаленная работа
Фриланс,https://t.me/vakanssii,ЧАТ ПОИСК РАБОТЫ ВАКАНСИИ ФРИЛАНС УДАЛЕНКА
Фриланс,https://t.me/rabota_esttt,РАБОТА ВАКАНСИИ УДАЛЕНКА ФРИЛАНС Chat
Фриланс,https://t.me/frilanc_topchat,Фрилансеры. Удалëнщики. Работа на дому. Чат
Фриланс,https://t.me/freelance_dvig,№1 ЧАТ ФРИЛАНСЕРОВ | Фриланс и удаленка чат
Фриланс,https://t.me/frilanc_chat,ФРИЛАНС | ЧАТ
Фриланс,https://t.me/bisneskontakt,ВАКАНСИИ | РЕЗЮМЕ | УДАЛЕННАЯ РАБОТА |
HR,https://t.me/pritulaacademy,HR Чат Mike Pritula Academy
Инфобизнес,https://t.me/infobiznes_vakansii,Инфобизнес | Вакансии и Работа
Фриланс,https://t.me/frilanceforpeople,Helper I Фриланс I Удалёнка I Работа Онлайн
Фриланс,https://t.me/dren_ro_2020,Фриланс 📈
Вакансии,https://t.me/naidispb,РАБОТА ДЛЯ ВСЕХ | ВАКАНСИИ | Подработка | Питер СПб | Для студентов
Фриланс,https://t.me/vpsmm_marketing,Биржа фриланса
Фриланс,https://t.me/na_frilance,НА ФРИЛАНСЕ
Фриланс,https://t.me/easy_fr_cht,Easy Work | Фриланс заказы | Удаленная работа Chat
HR,https://t.me/vsem_rabota_spb,Ищу работу СПБ Вакансии ЧАТ Работа
HR,https://t.me/msk_hr,Работа в Москве. Вакансии в МСК
Фриланс,https://t.me/diworkchat,DW чат | вакансии и резюме на удаленную работу
Фриланс,https://t.me/rabotadoma_24chat,💰 Удалённая работа | ЧАТ Онлайн | Работа на дому | Фриланс | Удаленка | Работа на дому | Заработок в интернете
Фриланс,https://t.me/rabotavakansij,ЧАТ ВАКАНСИИ РАБОТА
Фриланс,https://t.me/freelance_ads_group,БИРЖА ФРИЛАНСА 24/7 | Чат
Фриланс,https://t.me/freeassistant,Фриланс | Твой помощник
Фриланс,https://t.me/rabota_podrabotka_frilanserom,ФРИЛАНС ВАКАНСИИ
Инфобизнес,https://t.me/infobiz_rich,Чат Инфобизнес по-богатому
Инфобизнес,https://t.me/business_group2,BUSINESS GROUP
Вакансии,https://t.me/forex_sales,"Forex UNLIMITED - Вакансии Форекс, Лидогенерация, Платежки, Платформы"
Инфобизнес,https://t.me/getinfobiz,Чат вакансий и резюме по инфобизнесу.
Инфобизнес,https://t.me/pro_vakansi,Вакансии — Инфобизнес
Инфобизнес,https://t.me/infobizzer,INFOBIZ️ РАБОТА
Инфобизнес,https://t.me/infobiz_choogl,Работа - Инфобизнес💻
Инфобизнес,https://t.me/mari_vakansii,Мари про вакансии — инфобизнес
Фриланс,https://t.me/avitobust,Фриланс Чат
Фриланс,https://t.me/btvns,Фриланс | Релокация | Удаленная работа | Стажировки
Фриланс,https://t.me/freelance_in_telegram,👨‍💻 ФРИЛАНС ЧАТ
Фриланс,https://t.me/ydalenna800,УДАЛЕНКА
Фриланс,https://t.me/smmvakancii,"Ищу Фрилансера СММ, ДИЗАЙН, САЙТЫ, ВАКАНСИИ | БИШКЕК | АЛМАТЫ | ТАШКЕНТ | МОСКВА | КИЕВ"
Фриланс,https://t.me/udalenka_chatik,ФРИЛАНС 💻ЧАТ
Фриланс,https://t.me/freelance_vakansiii,Фриланс Чат | Вакансии
Фриланс,https://t.me/ggfreelancechat,GG ФРИЛАНС ЧАТ / УДАЛЁННАЯ РАБОТА
Фриланс,https://t.me/avitochatkosms,Фриланс | KOSMOS✨🪐
Фриланс,https://t.me/jcenterschat,CG Комьюнити
Фриланс,https://t.me/krasnodarbusinessmen,Бизнесмены Chat
Фриланс,https://t.me/freelansersp,ФРИЛАНС ВАКАНСИИ | РЕЗЮМЕ • ЧАТ
Фриланс,https://t.me/chat_freelanc,Вакансии чат фриланс
Фриланс,https://t.me/netvorking_chat_ru,Бизнес чат &#092;&#092; Предприниматели &#092; Нетворкинг
Фриланс,https://t.me/infobiz_vakansii,Про Инфобиз Вакансии Фрилансеры
Фриланс,https://t.me/yourfreelancework,РАБОТА онлайн | ФРИЛАНС
Фриланс,https://t.me/birzhha,ЧАТ ДЛЯ ФРИЛАНСЕРОВ | ФРИЛАНС ЧАТ
Фриланс,https://t.me/frilans_chat_udalonka_na_domu,🍁 ФРИЛАНС 🍁 ЧАТ 🍁
Вакансии,https://t.me/arrowit,Стрелка - IT Вакансии I Резюме
Вакансии,https://t.me/bakansii,Вакансии . Работа . Чат . Москва
Фриланс,https://t.me/freelancervchate,ФРИЛАНСЕР ЧАТ
Инфобизнес,https://t.me/info_biz_ivent,ИНФОБИЗ | МЕРОПРИЯТИЯ | МОСКВА
Фриланс,https://t.me/frilanc,"Фриланс, удаленка, работа"
Фриланс,https://t.me/zakazyivakansii,ЗАКАЗЫ И ВАКАНСИИ | ФРИЛАНС | ЧАТ
Фриланс,https://t.me/freelance_birzha,ФРИЛАНС БИРЖА l ФРИЛАНС ЧАТ
Фриланс,https://t.me/chatik1termatrirosova,ФРИЛАНС termartirosova
Фриланс,https://t.me/bomba_freelance,Биржа фрилансеров БОМБА 💣
Фриланс,https://t.me/kuznicakadry,ФРИЛАНС ЧАТ | КК
Фриланс,https://t.me/frilansinet,ФРИЛАНС УДАЛЕНКА РАБОТА В ИНТЕРНЕТЕ
Фриланс,https://t.me/beaverbiz_freelance,Beaverbiz |Фриланс на маркетплейсах
Фриланс,https://t.me/wolf_vakansii,Волки инфобиза | Вакансии | Фриланс | Работа | Инфобизнес | Удаленка
Фриланс,https://t.me/ksh_freelance,"Фриланс и удаленная работа| вакансии и резюме, удаленка, поиск работы"
Инфобизнес,https://t.me/emailbase2020,Email Base инфобизнес
Фриланс,https://t.me/reklamafree007,ФРИЛАНС •Удаленная работа • Вакансии
Вакансии,https://t.me/rabotavvspb,Вакансии 2.0 Санкт-Петербург
Фриланс,https://t.me/tofind_pro,Удаленная работа. Вакансии на дому
Фриланс,https://t.me/workwowinfo,WOW&#33;WORK | ИНФОБИЗНЕС ЧАТ
Фриланс,https://t.me/jobfl_chat,Фрилансеры * Работа
Фриланс,https://t.me/onlain_bi,Онлайн Бизнес
Фриланс,https://t.me/newfrelans,Фриланс чат
Фриланс,https://t.me/itjobonline,Биржа IT I Удаленка/Офис
Вакансии,https://t.me/rabotalpr,Работа ЛНР / Вакансии Луганск / Подработка / Центр занятости
Фриланс,https://t.me/rabota_v_setii,🇷🇺 Фрилансеры 🇷🇺
Фриланс,https://t.me/avitofasst,Чат заработка | Фриланс
Фриланс,https://t.me/chat_frilansa,Чат Фриланса
Фриланс,https://t.me/freeelanceeers,Я Фрилансер😊
Фриланс,https://t.me/sistematrafika,Клиенты под ключ ⬇️
Фриланс,https://t.me/eazy_freelance,EAZY FREELANCE | ЛЁГКИЙ ПОИСК РАБОТЫ
Фриланс,https://t.me/freelance_access,Фриланс чат 💰
Фриланс,https://t.me/lichnii_bizne,Личный Бизнес
Фриланс,https://t.me/rabotaxonline,РАБОТА ОНЛАЙН
Фриланс,https://t.me/workffreelance,Работа на фрилансе
Фриланс,https://t.me/freevacations_chat,Фриланс | Вакансии
Фриланс,https://t.me/predprinimateli_biz,Предприниматели Бизнесмены
Фриланс,https://t.me/freelancevpsmm,▪️Фриланс ▫️ Работа ▪️ Вакансии
Фриланс,https://t.me/avito_otzevvvv,ФРИЛАНС ЧАТИК
Фриланс,https://t.me/frilansbirzha,ФРИЛАНС БИРЖА | Чат
Фриланс,https://t.me/richlance_chat,Richlance - Upwork чат #1
Фриланс,https://t.me/chatfreelanc,ФРИЛАНС ЧАТ | ВАКАНСИИ
Фриланс,https://t.me/free_chat_for_freelance,ФРИЛАНС | FREE CHAT
Фриланс,https://t.me/workjob2,РАБОТА БЕЗ ГРАНИЦ Фриланс ЧАТ
Фриланс,https://t.me/freelance1111,Для фрилансеров
Фриланс,https://t.me/limbo_v_zopy,Фриланс 2.0
Фриланс,https://t.me/frilans_chatik,Фриланс чат | Вакансии
Фриланс,https://t.me/freelancesami,САМОЗАНЯТЫЙ I ФРИЛАНС ЧАТ |
Фриланс,https://t.me/udalenka13,Фрилансеры Биржа Вакансии Чат
Фриланс,https://t.me/ru_freelancers,Фрилансер.Ru
Фриланс,https://t.me/russianfreelance,ФРИЛАНС ЧАТ|ВАКАНСИИ|РЕЗЮМЕ|РАБОТА|УСЛУГИ
Фриланс,https://t.me/freelance_chat_ru,Фриланс чат | Вакансии
Фриланс,https://t.me/free_lancers_chat,ФРИЛАНС ЧАТ
Фриланс,https://t.me/mari_vakansiii,ВАКАНСИИ И РЕЗЮМЕ В СФЕРЕ ИНФОБИЗНЕС ФРИЛАНС УДАЛЁННАЯ РАБОТА
Фриланс,https://t.me/bizneschats,ФРИЛАНС | FREELANCE | ЧАТ
Фриланс,https://t.me/udalenkachatt,ФРИЛАНС | ВАКАНСИИ INSTAGRAM
Фриланс,https://t.me/jobospherechat,JOBOSPHERE | ФРИЛАНС ЧАТ
Фриланс,https://t.me/ipomogator,ПОМОГАТОР - БИРЖА ФРИЛАНСА | ВАКАНСИИ | ПОРТФОЛИО | РЕЗЮМЕ
Фриланс,https://t.me/jobradar_chat,JOB RADAR | ЧАТ
Фриланс,https://t.me/frilansc,Фриланс ЧАТ/Удаленка
Фриланс,https://t.me/wedoitru,Фриланс работа. Фриланс биржа &quot;Виду&quot; we-doit.ru
Фриланс,https://t.me/archwork_ru,ARCH / WORK
Инфобизнес,https://t.me/delonamillion,ИНФОБИЗНЕС
Фриланс,https://t.me/freelancechat2,Digital I ФРИЛАНС ЧАТ
Фриланс,https://t.me/chatik_freelance,ФРИЛАНС чат📍
Вакансии,https://t.me/spbhr,Работа в СПБ. Вакансии Санкт-Петербурга
Фриланс,https://t.me/avtomlm2,❗️Удаленная работа🔥 Авто МЛМ 🚀
Фриланс,https://t.me/dist_worker,"Distworker | удаленная работа, фриланс, вакансии, резюме, поиск работы, работа в интернете"
Фриланс,https://t.me/freelance_and_udalenka_chat,ФРИЛАНС И УДАЛЕНКА|ПОИСК ЗАКАЗЧИКОВ И ИСПОЛНИТЕЛЕЙ
Фриланс,https://t.me/krylof_vakansii,Удаленная Работа | Заявки Фриланс
Фриланс,https://t.me/job_frilance,Фриланс|Удаленная работа
Фриланс,https://t.me/distantworkchat,Удаленная работа | Distant work — Фриланс Чат | Freelance chat
Фриланс,https://t.me/freelancejob1,Чат Фриланс | Вакансии | Удаленка
Фриланс,https://t.me/freelance_freelancer,ВОРК КИНГ|#вакансии #фриланс #работа #фрилансер #удаленка
Фриланс,https://t.me/happy_freelanc,"Реальный Фриланс, вакансии, работа, удаленка"
Ссылка,Название,Количество участников
https://t.me/mari_vakansii,Мари про вакансии — инфобизнес,181080
https://t.me/biznes_klient_rabota,БИЗНЕС | КЛИЕНТЫ | РАБОТА,47350
https://t.me/mari_otzyv,Мари про отзывы — инфобизнес,17246
https://t.me/business_club_sparta,Чат предпринимателей «Спарта» | объявления и возможности для развития бизнеса и стартапов,25898
https://t.me/biznes_chat8,БИЗНЕС ЧАТ | ПРЕДПРИНИМАТЕЛИ,8165
https://t.me/moibiznesdnr,Чат: Мой бизнес | ДНР,1633
https://t.me/biznesky,БИЗНЕС ЧАТ ПРЕДПРИНИМАТЕЛЕЙ НОВОСТИ,1341
https://t.me/webacadem_chat,"ЭЛЯ l Инфобизнес💬Бесплатные курсы, обучение, практики",3609
https://t.me/bm_institute_moscow,Бизнес молодость Москва,14569
https://t.me/samarabusinesschat,ЧАТ ПРЕДПРИНИМАТЕЛЕЙ,12683