#,Username,Ссылка,Участники,Название,Почему подходит
1,mari_vakansii,https://t.me/mari_vakansii,185260,Мари про вакансии — инфобизнес,"Крупнейший чат вакансий в инфобизе, 66K онлайн"
2,jobospherechat,https://t.me/jobospherechat,44037,JOBOSPHERE | ФРИЛАНС ЧАТ,"Структурированный чат с ботом для вакансий/резюме, 9.6K онлайн"
3,rueventjob4at,https://t.me/rueventjob4at,40224,Я творю на фрилансе,"Вакансии в творческой сфере + удалёнка, бот для размещения, 14K онлайн"
4,biznes_klient_rabota,https://t.me/biznes_klient_rabota,39463,Бизнес/Клиенты/Работа,"Большой чат заказчиков и исполнителей, высокая активность"
5,udalenkachatt,https://t.me/udalenkachatt,36703,ФРИЛАНС | ВАКАНСИИ INSTAGRAM,"Вакансии в Instagram/инфобизнесе, 8.2K онлайн"
6,profiwork,https://t.me/profiwork,35845,ВАКАНСИИ ИНФОБИЗНЕС | ФРИЛАНС ИНСТАГРАМ,"Целевой: вакансии инфобизнес + Instagram, 8.5K онлайн"
7,rabotavakansij,https://t.me/rabotavakansij,29589,ЧАТ ВАКАНСИИ РАБОТА,"Структурированный чат с ботом для вакансий/резюме, 4.3K онлайн"
8,bizneschats,https://t.me/bizneschats,29442,Фриланс чат,Большой общий фриланс-чат
9,smmvakancii,https://t.me/smmvakancii,24306,"Ищу Фрилансера СММ, ДИЗАЙН, САЙТЫ, ВАКАНСИИ","Чётко вакансии от заказчиков: SMM, дизайн, сайты, программирование"
10,mari_vakansiii,https://t.me/mari_vakansiii,20619,ВАКАНСИИ И РЕЗЮМЕ В СФЕРЕ ИНФОБИЗНЕС ФРИЛАНС,"Вакансии + резюме инфобизнес, 5.2K онлайн"
11,russianfreelance,https://t.me/russianfreelance,19159,ФРИЛАНС ЧАТ|ВАКАНСИИ|РЕЗЮМЕ|РАБОТА|УСЛУГИ,"Русскоязычный фриланс с платным гарантом, 3.2K онлайн"
12,mari_otzyv,https://t.me/mari_otzyv,17688,Мари про отзывы — инфобизнес,"Экосистема Мари, 7.8K онлайн, инфобиз-сообщество"
13,rabota_chatt,https://t.me/rabota_chatt,16234,Работа чат,"Общий чат работы, 237 онлайн"
14,udalenka_chatik,https://t.me/udalenka_chatik,14378,ФРИЛАНС 💻ЧАТ,"Чат заказчиков и исполнителей, 360 онлайн"
15,newfrelans,https://t.me/newfrelans,12543,Фриланс чат,"Фриланс-чат заказчиков/исполнителей, 151 онлайн"
16,udalenka13,https://t.me/udalenka13,12170,Фрилансеры Биржа Вакансии Чат,"Бесплатное размещение, 1.8K онлайн"
17,beaverbiz_freelance,https://t.me/beaverbiz_freelance,11399,Биржа фрилансеров,"Фриланс на маркетплейсах, активный"
18,vakanssii,https://t.me/vakanssii,11635,ЧАТ ПОИСК РАБОТЫ ВАКАНСИИ ФРИЛАНС УДАЛЕНКА,"Безлимитный чат вакансий, 404 онлайн"
19,arrowit,https://t.me/arrowit,10573,IT вакансии и резюме,"IT-вакансии удалённо/офис, активный"
20,work_online_today,https://t.me/work_online_today,10538,РАБОТА ОНЛАЙН | ЧАТ,"Работа + схемы заработка, 229 онлайн"
21,onlinerabota07,https://t.me/onlinerabota07,10409,Работа ОНЛАЙН — ЧАТ,"Вакансии онлайн, структурированный формат"
22,jobfl_chat,https://t.me/jobfl_chat,9421,Фрилансеры * Работа,"Объявления о работе/фрилансе, 94 онлайн"
23,knopka_works,https://t.me/knopka_works,9379,Работа в сети | Услуги,Структурированный формат вакансий/резюме с хештегами
24,world_360,https://t.me/world_360,8956,БИРЖА ТРУДА | чат — удалённая работа и IT,"Вакансии/резюме/заказы, 2.6K онлайн, отзывы"
25,rabota_esttt,https://t.me/rabota_esttt,8339,РАБОТА ВАКАНСИИ УДАЛЕНКА ФРИЛАНС Chat,Вакансии + удалёнка + фриланс
26,krylof_vakansii,https://t.me/krylof_vakansii,7864,Удаленная Работа | Заявки Фриланс,"Чат поиска работы, маркетолог-владелец, 2.9K онлайн"
27,na_frilance,https://t.me/na_frilance,7080,НА ФРИЛАНСЕ,"Поиск работы и предложение услуг, 7K участников"
28,ydalenna800,https://t.me/ydalenna800,6850,УДАЛЕНКА,"Фриланс-чат заказчиков/исполнителей, ограничение 800 символов"
29,wolf_vakansii,https://t.me/wolf_vakansii,6678,Волки инфобиза | Вакансии | Фриланс,Чат вакансий в инфобизнесе
30,itjobonline,https://t.me/itjobonline,6135,Биржа IT | Удаленка/Офис,"IT-вакансии, 1.5K онлайн"
31,workjob2,https://t.me/workjob2,6133,РАБОТА БЕЗ ГРАНИЦ Фриланс ЧАТ,Поиск персонала + услуги
32,chatfreelanc,https://t.me/chatfreelanc,5419,ФРИЛАНС ЧАТ | ВАКАНСИИ,Фриланс-вакансии
33,zakazyivakansii,https://t.me/zakazyivakansii,5319,ЗАКАЗЫ И ВАКАНСИИ | ФРИЛАНС | ЧАТ,"Заказы и вакансии, платное размещение"
34,job_frilance,https://t.me/job_frilance,5371,Фриланс|Удаленная работа,Фриланс-работа
35,bomba_freelance,https://t.me/bomba_freelance,5310,Биржа фрилансеров БОМБА,Биржа фрилансеров
36,worknomer1,https://t.me/worknomer1,4826,WORK ONLINE № 1 || Работа фриланс,"Сообщество заказчиков/исполнителей, 802 онлайн"
37,workwowinfo,https://t.me/workwowinfo,4770,WOW!WORK | ИНФОБИЗНЕС ЧАТ,"Инфобизнес-чат, платное размещение вакансий"
38,vakansii_seti,https://t.me/vakansii_seti,4553,ОНЛАЙН РАБОТА,"Публикация вакансий, 1.8K онлайн"
39,archwork_ru,https://t.me/archwork_ru,4541,Фриланс: архитектура/дизайн/визуализация,"Нишевой: архитекторы, дизайнеры, визуализаторы"
40,tofind_pro,https://t.me/tofind_pro,4479,Удаленная работа. Вакансии на дому,"Вакансии удалёнки каждый день, 1.5K онлайн"
41,rabota_podrabotka_frilanserom,https://t.me/rabota_podrabotka_frilanserom,4322,ФРИЛАНС ВАКАНСИИ,"Вакансии фриланс, 1.3K онлайн"
42,reklamafree007,https://t.me/reklamafree007,4211,ФРИЛАНС •Удаленная работа • Вакансии,"Поиск заказчиков/исполнителей, 705 онлайн"
43,vpsmm_marketing,https://t.me/vpsmm_marketing,3588,Биржа фриланса || VPSMM,Биржа фриланса в маркетинге
44,pro_vakansi,https://t.me/pro_vakansi,3253,Вакансии — Инфобизнес,"Целевой: вакансии инфобизнеса + поиск клиентов, 741 онлайн"
45,yourfreelancework,https://t.me/yourfreelancework,3190,РАБОТА онлайн | ФРИЛАНС,Поиск исполнителей/заказчиков
46,rabota_emik,https://t.me/rabota_emik,5000,Вакансии таргет инфобиз фриланс маркетинг,"Канал с реальными вакансиями (CRM, таргет, сценарист)"
